date_time	varID	mu0	s1_0	s2_0	mu	s1	s2	success	message	fun	nit
11/05/2024 10:16	IDH2 R140Q	1.00E-08	0.25	0.08	1.20E-09	0.157268794	0.141124886	TRUE	Optimization terminated successfully.	525.3162139	115
11/05/2024 10:17	SF3B1 K666N	1.00E-08	0.25	0.08	1.13E-09	0.107091733	0.226673061	TRUE	Optimization terminated successfully.	516.9110826	131
11/05/2024 10:18	DNMT3A R882S	1.00E-08	0.25	0.08	1.40E-09	0.180003049	0.062209505	TRUE	Optimization terminated successfully.	554.1855365	113
11/05/2024 10:20	SRSF2 P95L	1.00E-08	0.25	0.08	5.97E-10	0.159420795	0.200876775	TRUE	Optimization terminated successfully.	659.2372189	157
11/05/2024 10:22	SRSF2 P95R	1.00E-08	0.25	0.08	8.48E-10	0.150031212	0.17995216	TRUE	Optimization terminated successfully.	803.3204233	113
11/05/2024 10:24	SF3B1 K700E	1.00E-08	0.25	0.08	3.68E-09	0.152537663	0.117121923	TRUE	Optimization terminated successfully.	1196.581414	73
11/05/2024 10:27	SRSF2 P95H	1.00E-08	0.25	0.08	1.76E-09	0.14770418	0.186527029	TRUE	Optimization terminated successfully.	1336.511552	115
11/05/2024 10:30	DNMT3A R729W	1.00E-08	0.25	0.08	4.59E-09	0.177301306	0.05986547	TRUE	Optimization terminated successfully.	1445.444123	115
11/05/2024 10:34	DNMT3A R320*	1.00E-08	0.25	0.08	3.61E-09	0.187522633	0.047474104	TRUE	Optimization terminated successfully.	1643.27809	121
11/05/2024 10:38	DNMT3A R598*	1.00E-08	0.25	0.08	3.06E-09	0.200180979	0.053403915	TRUE	Optimization terminated successfully.	1936.278258	96
11/05/2024 10:42	DNMT3A R736H	1.00E-08	0.25	0.08	3.71E-09	0.196796853	0.064079916	TRUE	Optimization terminated successfully.	2065.925186	92
11/05/2024 10:46	DNMT3A R326C	1.00E-08	0.25	0.08	3.24E-09	0.202934848	0.045792984	TRUE	Optimization terminated successfully.	2115.597983	92
11/05/2024 10:49	DNMT3A R771*	1.00E-08	0.25	0.08	3.89E-09	0.207988015	0.040006323	TRUE	Optimization terminated successfully.	2296.211656	81
11/05/2024 10:53	DNMT3A R736C	1.00E-08	0.25	0.08	4.05E-09	0.181737457	0.076518094	TRUE	Optimization terminated successfully.	2322.486805	84
11/05/2024 10:57	DNMT3A P904L	1.00E-08	0.25	0.08	3.71E-09	0.20223119	0.059019841	TRUE	Optimization terminated successfully.	2555.168146	78
11/05/2024 14:27	DNMT3A Y735C	1.00E-08	0.25	0.08	1.02E-08	0.157116064	0.07795536	TRUE	Optimization terminated successfully.	3787.258785	81
11/05/2024 11:17	DNMT3A R882C	1.00E-08	0.25	0.08	8.76E-09	0.209482532	0.067196919	TRUE	Optimization terminated successfully.	6185.901083	56
11/05/2024 11:31	DNMT3A R882H	1.00E-08	0.25	0.08	1.30E-08	0.218851713	0.053279712	TRUE	Optimization terminated successfully.	9301.304029	72